Genotype;CCM_1;CCM_2;CCM_3;CCM_4;CCM_5;CCM_6
ASSYST-078;12,6;10,7;14,8;11,8;10,6;12,9
ASSYST-078;11,2;11,4;13,4;11,7;13,3;12
ASSYST-078;10,1;9,8;10,5;11;10,7;11
ASSYST-078;10,1;12;11,6;10,7;10,1;10,6
ASSYST-078;10,9;10;12,7;12,4;11,2;10,6
ASSYST-120;10,7;11;9,3;13,9;12,4;10,8
ASSYST-120;12,2;12,2;9;12,3;12,3;12,5
ASSYST-120;13,4;11,5;10,9;10,1;9,9;12,2
ASSYST-120;11,9;8,7;9,9;10,6;8,4;10,3
ASSYST-120;9;12,3;12;11;11,7;8
ASSYST-145;9,6;9;12,8;10,2;12,6;10,7
ASSYST-145;10,7;9,1;15,9;10,9;12,9;11,2
ASSYST-145;10,4;9,2;10,7;11,4;11,7;14
ASSYST-145;10,5;10,9;13,2;12,4;13,2;11,2
ASSYST-145;9,9;11,6;11,2;11,1;10,3;10,2
ASSYST-210;5,2;12,6;14,3;3,1;3,4;3,1
ASSYST-210;13,7;11,5;9,4;10,5;16,2;15,5
ASSYST-210;15,3;16,2;14,7;15,5;16,3;16,8
ASSYST-210;3,5;18,2;2,7;17,4;8,6;16,2
ASSYST-210;5,6;4,5;17,2;10,6;14,8;17,3
ASSYST-211;16,6;14,8;12,6;13,2;11,7;13,1
ASSYST-211;12,9;14,2;13,4;12,5;12,5;10,3
ASSYST-211;17,1;14,8;14,2;13,1;14,2;17
ASSYST-211;16,2;14,1;15,3;10,5;10,7;12
ASSYST-211;11,8;12,8;13,4;12,7;10,5;10,7
ASSYST-219;10,3;10,5;10,4;9,2;11;10,3
ASSYST-219;11,9;11,5;12,4;10,5;11,5;10,5
ASSYST-219;9,1;10,9;8,9;10,5;12,6;11,9
ASSYST-219;11,1;10,5;9,6;12,7;11,9;10,4
ASSYST-219;9,1;10;10,1;9,5;9;9,6
ASSYST-271;5,9;12,8;14,2;11,7;11,1;11,2
ASSYST-271;9,5;9,5;12,4;10,9;10,1;11,6
ASSYST-271;13;13,9;11,7;12,1;9;9,2
ASSYST-271;14,7;11,2;14,8;12,4;12,2;8,7
ASSYST-271;11,4;13;15,7;12,8;14,1;11
ASSYST-273;12,4;12,9;12,4;12,2;11,3;12,2
ASSYST-273;11,7;11,3;13,1;13,2;11,5;9,7
ASSYST-273;11;11;12,7;11,9;13,5;11,4
ASSYST-273;12,3;10,4;12,8;15,1;11;10,9
ASSYST-273;13;13,4;11,8;12,2;11,2;12,7
ASSYST-290;15,9;10;12,2;14;12,5;9,5
ASSYST-290;12,5;15,1;10,8;11,9;11,4;12
ASSYST-290;13,4;17,3;10,9;13,6;15,6;11
ASSYST-290;14,6;13,5;10,2;12,7;9,8;13
ASSYST-290;14,9;9,4;11,4;10,5;14,5;9,8
ASSYST-419;15,2;9,7;12,8;11,9;8,6;12,1
ASSYST-419;11,2;11,1;12,5;11,5;9,7;10,3
ASSYST-419;12,6;13,6;13,7;12,6;11,1;10,2
ASSYST-419;14,1;12;8,4;11,6;11,3;11,1
ASSYST-419;10,7;12,4;7,9;10,5;12,9;11,8
ASSYST-424;8;8,2;7,8;8;9,3;8,6
ASSYST-424;9,5;8,4;8,6;7;9;7,5
ASSYST-424;6,4;6,9;6,8;7,6;8,4;7,5
ASSYST-424;8,7;8,5;8,3;9,3;8,1;8,3
ASSYST-424;7,2;6,6;6,8;10,8;8,4;8,8
ASSYST-427;10,8;8,9;9,6;10,3;10,9;11,8
ASSYST-427;10,5;10;9,5;11,9;12,8;12,1
ASSYST-427;9,9;9;9,5;9,5;9,6;10,3
ASSYST-427;9,7;10,5;9,6;12,9;9,7;12,6
ASSYST-427;8,7;9,7;9,6;10,4;10,1;11
